Year,Gender,Age,N,Energy (kcal),Protein (g),Carbohydrate (g),Total sugars (g),Dietary fiber (g),Total fat (g),Saturated fat (g),Monounsaturated fat (g),Polyunsaturated fat (g),Cholesterol (mg),Vitamin E (mg),Vitamin A (mcg RAE),Vitamin C (mg),Calcium (mg),Magnesium (mg),Iron (mg),Sodium (mg),Potassium (mg),Folate (mcg DFE),Caffeine (mg),Alcohol (g)
2001,male,2-5,423.0,1733.0,59.6,241.0,135.0,10.8,61.5,23.0,23.0,10.5,191.0,4.4,544.0,95.6,1019.0,209.0,12.9,2511.0,2198.0,505.0,15.20,#*
2001,male,6-11,568.0,2108.0,72.0,289.0,153.0,12.9,76.7,27.4,29.5,13.8,230.0,5.5,644.0,78.2,1053.0,230.0,15.6,3272.0,2302.0,593.0,26.10,#*
2001,male,12-19,1139.0,2684.0,93.2,361.0,195.0,15.5,96.2,33.6,37.1,17.8,316.0,7.4,656.0,100.7,1169.0,289.0,19.0,3992.0,2818.0,668.0,74.30,4.40
2001,male,20-29,383.0,2901.0,103.4,364.0,184.0,16.9,100.1,33.7,37.9,19.3,342.0,7.9,646.0,119.2,1088.0,329.0,19.3,4144.0,3077.0,680.0,151.9,23.3
2001,male,30-39,354.0,2872.0,108.6,351.0,172.0,18.1,107.5,35.4,40.2,21.0,388.0,8.5,698.0,111.7,1085.0,339.0,19.5,4449.0,3277.0,688.0,215.00,15.20
2001,male,40-49,429.0,2748.0,102.5,319.0,150.0,19.0,105.4,33.9,39.1,20.7,360.0,8.5,628.0,93.9,983.0,341.0,18.1,4225.0,3276.0,640.0,240.10,23.20
2001,male,50-59,339.0,2426.0,89.1,292.0,146.0,17.3,93.6,29.6,34.0,18.9,340.0,7.6,683.0,100.8,902.0,311.0,16.4,3704.0,3163.0,555.0,243.00,15.80
2001,male,60-69,316.0,2211.0,87.8,261.0,117.0,17.7,87.2,26.7,31.8,18.5,312.0,8.3,663.0,96.4,857.0,305.0,17.3,3567.0,3016.0,579.0,203.80,11.30
2001,male,70 and over,429.0,1889.0,74.0,233.0,105.0,16.7,72.7,23.0,26.0,14.9,270.0,6.8,654.0,91.6,798.0,276.0,15.3,3039.0,2798.0,547.0,160.10,7.90
2001,male,20 and over,2250.0,2621.0,97.7,316.0,154.0,17.8,98.1,31.8,36.4,19.5,346.0,8.0,661.0,103.7,982.0,324.0,18.0,3997.0,3151.0,629.0,207.70,17.80
2001,female,2-5,433.0,1560.0,53.3,216.0,117.0,10.3,56.2,20.7,21.0,9.9,180.0,4.3,546.0,80.0,892.0,188.0,11.6,2293.0,1982.0,455.0,12.30,#*
2001,female,6-11,568.0,1856.0,61.7,254.0,133.0,11.6,68.5,24.0,26.4,12.9,207.0,5.2,525.0,80.4,857.0,204.0,12.9,2843.0,2032.0,483.0,23.00,#*
2001,female,12-19,1158.0,1981.0,65.3,273.0,146.0,12.1,71.8,24.9,27.5,13.9,216.0,5.7,526.0,80.8,838.0,212.0,13.8,2831.0,2076.0,509.0,49.10,1.00
2001,female,20-29,533.0,2055.0,72.0,272.0,135.0,13.7,73.5,24.6,28.0,14.6,243.0,6.1,495.0,83.0,800.0,236.0,14.3,3129.0,2187.0,532.0,91.4,#6.4
2001,female,30-39,462.0,2014.0,72.0,259.0,133.0,13.8,75.3,24.5,27.7,15.4,254.0,6.6,585.0,84.7,809.0,248.0,13.5,3165.0,2422.0,508.0,168.90,6.60
2001,female,40-49,417.0,1874.0,68.7,233.0,114.0,14.5,72.8,22.9,26.5,15.1,244.0,6.3,567.0,83.0,728.0,251.0,12.8,2889.0,2462.0,452.0,190.00,7.50
2001,female,50-59,303.0,1751.0,68.0,219.0,104.0,15.0,67.7,21.1,24.0,14.5,225.0,6.5,595.0,89.7,751.0,253.0,13.2,2727.0,2517.0,472.0,190.60,5.20
2001,female,60-69,345.0,1640.0,62.5,208.0,91.0,15.4,63.3,19.4,22.5,13.9,215.0,6.2,611.0,95.5,655.0,239.0,13.3,2656.0,2415.0,493.0,153.00,#4.3
2001,female,70 and over,434.0,1437.0,54.5,189.0,89.0,13.7,53.9,16.3,18.9,12.3,185.0,5.6,606.0,82.9,654.0,213.0,12.4,2380.0,2217.0,452.0,118.50,2.50
2001,female,20 and over,2494.0,1845.0,67.6,236.0,115.0,14.3,69.4,22.1,25.3,14.5,233.0,6.3,570.0,85.7,746.0,242.0,13.3,2886.0,2373.0,487.0,153.40,5.80
2003,male,2-5,375.0,1679.0,57.7,231.0,128.0,10.6,60.4,22.3,22.1,10.9,187.0,4.1,535.0,104.4,970.0,198.0,12.2,2409.0,2184.0,443.0,14.90,#*
2003,male,6-11,422.0,2256.0,76.5,310.0,161.0,13.8,81.7,29.3,29.9,15.5,240.0,5.8,609.0,77.1,1110.0,248.0,17.2,3313.0,2388.0,683.0,35.40,#*
2003,male,12-19,1105.0,2652.0,94.0,350.0,176.0,15.0,97.5,33.7,36.5,19.4,284.0,7.5,601.0,101.8,1175.0,279.0,18.9,4059.0,2745.0,660.0,63.10,#3.6
2003,male,20-29,383.0,2969.0,111.2,367.0,179.0,17.7,107.5,36.9,41.1,20.8,357.0,8.3,666.0,94.9,1202.0,338.0,20.0,4560.0,3102.0,670.0,135.60,17.00
2003,male,30-39,326.0,2888.0,109.0,353.0,162.0,18.3,104.0,34.0,39.2,21.9,368.0,8.2,636.0,102.8,1070.0,349.0,19.9,4552.0,3295.0,680.0,236.90,18.80
2003,male,40-49,354.0,2873.0,103.0,336.0,161.0,18.0,106.6,35.6,40.1,22.0,375.0,8.0,672.0,95.9,1030.0,340.0,18.5,4313.0,3290.0,614.0,294.10,27.10
2003,male,50-59,261.0,2388.0,94.6,274.0,121.0,17.5,95.4,30.6,36.1,20.4,352.0,8.4,594.0,82.3,866.0,322.0,18.0,3895.0,3165.0,571.0,273.00,12.60
2003,male,60-69,329.0,2109.0,81.0,244.0,107.0,16.2,83.6,26.9,31.5,18.0,304.0,7.3,690.0,95.2,821.0,285.0,16.0,3477.0,2911.0,545.0,238.50,12.50
2003,male,70 and over,482.0,1868.0,73.0,229.0,105.0,16.0,70.5,23.5,26.4,14.7,272.0,6.5,747.0,84.7,831.0,273.0,15.8,2929.0,2691.0,533.0,171.50,8.00
2003,male,20 and over,2135.0,2612.0,98.6,312.0,145.0,17.5,97.7,32.3,36.9,20.2,347.0,7.9,660.0,93.3,998.0,324.0,18.4,4090.0,3121.0,614.0,227.00,17.00
2003,female,2-5,388.0,1759.0,60.8,241.0,129.0,11.0,63.7,23.9,23.4,11.2,194.0,4.4,557.0,103.4,1038.0,208.0,13.0,2631.0,2240.0,478.0,#13.2,#*
2003,female,6-11,478.0,1964.0,65.3,266.0,132.0,12.5,73.8,25.7,27.9,14.4,211.0,5.4,538.0,87.4,946.0,213.0,13.9,3017.0,2148.0,513.0,26.90,#*
2003,female,12-19,1057.0,2007.0,67.8,267.0,136.0,12.3,76.1,25.6,28.2,16.3,205.0,6.2,488.0,77.5,874.0,215.0,14.0,3020.0,2088.0,513.0,55.10,0.80
2003,female,20-29,429.0,2103.0,74.9,271.0,136.0,13.8,77.8,25.5,29.3,16.7,247.0,6.5,472.0,82.2,806.0,242.0,13.8,3184.0,2330.0,474.0,103.30,6.40
2003,female,30-39,398.0,1956.0,71.9,241.0,114.0,13.8,77.1,25.7,28.6,16.5,240.0,6.6,614.0,83.0,851.0,245.0,14.0,3143.0,2414.0,496.0,162.10,5.00
2003,female,40-49,361.0,1934.0,67.8,238.0,117.0,13.2,73.5,24.5,27.5,15.7,239.0,6.3,507.0,84.4,757.0,243.0,13.1,2929.0,2385.0,467.0,190.40,10.80
2003,female,50-59,275.0,1728.0,67.0,207.0,95.0,13.6,69.3,22.6,26.0,15.1,237.0,6.3,527.0,75.1,733.0,235.0,12.6,2793.0,2295.0,464.0,174.20,4.70
2003,female,60-69,364.0,1668.0,65.9,205.0,95.0,14.0,65.4,20.6,24.3,14.7,243.0,5.8,563.0,83.5,724.0,236.0,13.1,2753.0,2372.0,451.0,163.30,3.30
2003,female,70 and over,486.0,1548.0,59.8,198.0,93.0,14.1,58.7,18.7,22.0,13.1,199.0,6.0,618.0,83.2,715.0,235.0,13.0,2468.0,2336.0,452.0,133.30,2.30
2003,female,20 and over,2313.0,1850.0,68.5,230.0,110.0,13.7,71.3,23.3,26.7,15.5,235.0,6.3,547.0,81.8,771.0,240.0,13.3,2911.0,2357.0,470.0,155.10,5.70
2005,male,2-5,442.0,1641.0,56.3,228.0,122.0,11.0,58.4,21.4,21.4,10.8,174.0,4.4,545.0,83.4,955.0,202.0,13.0,2395.0,2083.0,472.0,8.40,--
2005,male,6-11,489.0,2092.0,70.9,280.0,142.0,14.1,79.4,28.3,29.1,15.4,223.0,5.8,703.0,80.2,1079.0,241.0,15.4,3202.0,2258.0,559.0,19.70,--
2005,male,12-19,1052.0,2707.0,99.1,352.0,177.0,15.2,100.9,35.6,37.5,19.1,320.0,7.3,651.0,96.9,1186.0,287.0,19.6,4266.0,2730.0,658.0,69.50,--
2005,male,20-29,388.0,2821.0,106.2,344.0,160.0,16.6,100.6,33.7,37.9,20.2,340.0,8.5,560.0,104.3,1103.0,327.0,19.3,4476.0,2951.0,641.0,133.40,--
2005,male,30-39,371.0,2978.0,118.0,342.0,153.0,18.9,114.1,38.7,42.5,22.9,406.0,9.5,751.0,96.7,1227.0,381.0,20.4,4715.0,3377.0,672.0,201.10,--
2005,male,40-49,382.0,2753.0,106.6,313.0,141.0,18.2,104.9,35.2,39.2,21.4,388.0,8.8,728.0,91.3,1099.0,373.0,19.0,4350.0,3311.0,615.0,263.60,--
2005,male,50-59,303.0,2597.0,97.4,307.0,143.0,18.3,102.3,33.3,38.1,22.2,350.0,8.9,654.0,98.5,1020.0,354.0,18.2,3956.0,3283.0,614.0,295.60,--
2005,male,60-69,320.0,2202.0,88.3,258.0,114.0,17.5,84.2,27.9,30.7,18.2,314.0,7.7,687.0,99.3,963.0,324.0,17.9,3738.0,3077.0,590.0,228.00,--
2005,male,70 and over,399.0,1984.0,76.9,239.0,109.0,16.8,77.3,25.8,28.5,16.3,306.0,7.1,814.0,97.4,881.0,289.0,16.9,3142.0,2863.0,564.0,156.90,--
2005,male,20 and over,2163.0,2638.0,101.9,310.0,141.0,17.8,100.1,33.4,37.3,20.7,358.0,8.6,690.0,97.9,1073.0,348.0,18.9,4178.0,3174.0,623.0,216.10,17.20
2005,female,2-5,460.0,1486.0,51.9,207.0,112.0,10.4,52.2,19.1,18.7,10.0,164.0,4.2,493.0,87.9,853.0,187.0,11.6,2146.0,1977.0,444.0,6.90,--
2005,female,6-11,523.0,1879.0,63.4,251.0,124.0,12.0,71.6,25.4,26.4,14.0,237.0,5.5,579.0,69.8,946.0,210.0,13.8,2966.0,2016.0,497.0,17.00,--
2005,female,12-19,1063.0,1906.0,64.2,253.0,124.0,12.3,72.3,24.6,26.2,15.5,189.0,6.1,474.0,75.2,849.0,216.0,13.3,2950.0,1976.0,482.0,46.60,--
2005,female,20-29,582.0,1959.0,72.2,246.0,118.0,12.9,73.9,25.6,26.8,15.2,238.0,6.1,520.0,80.8,933.0,251.0,14.4,3107.0,2205.0,508.0,82.20,--
2005,female,30-39,406.0,1923.0,75.4,231.0,104.0,14.6,74.5,24.4,27.6,16.2,238.0,7.0,573.0,82.9,896.0,283.0,14.9,3187.0,2453.0,501.0,165.20,--
2005,female,40-49,390.0,1873.0,75.9,221.0,103.0,14.4,71.6,24.3,25.6,15.5,255.0,7.0,623.0,69.9,923.0,285.0,13.9,3059.0,2443.0,450.0,219.80,--
2005,female,50-59,301.0,1718.0,70.3,205.0,90.0,14.9,67.6,22.7,24.5,14.6,245.0,6.4,558.0,75.3,799.0,267.0,13.2,3001.0,2458.0,448.0,225.30,--
2005,female,60-69,315.0,1598.0,63.5,194.0,85.0,14.3,63.1,21.0,22.9,13.8,224.0,6.5,597.0,79.7,783.0,258.0,12.8,2606.0,2376.0,449.0,163.70,--
2005,female,70 and over,363.0,1495.0,57.2,192.0,90.0,13.6,56.1,19.2,19.9,12.4,205.0,5.7,624.0,81.8,752.0,235.0,12.8,2395.0,2223.0,443.0,120.80,--
2005,female,20 and over,2357.0,1785.0,70.1,217.0,100.0,14.1,68.7,23.2,24.9,14.8,237.0,6.5,581.0,78.0,858.0,265.0,13.8,2933.0,2366.0,468.0,165.30,6.10
2007,male,2-5,455.0,1570.0,55.0,215.0,116.0,11.3,56.7,20.8,20.5,10.5,189.0,4.6,619.0,104.5,1009.0,201.0,11.6,2265.0,2059.0,427.0,7.80,--
2007,male,6-11,550.0,2042.0,70.8,276.0,141.0,13.7,75.2,26.9,27.6,14.1,234.0,6.0,614.0,87.0,1034.0,227.0,14.3,3169.0,2170.0,530.0,29.90,--
2007,male,12-19,607.0,2424.0,90.7,313.0,152.0,14.9,90.6,31.6,33.2,17.9,312.0,7.7,680.0,86.6,1173.0,282.0,16.6,3990.0,2587.0,610.0,73.60,--
2007,male,20-29,409.0,2756.0,105.3,342.0,158.0,16.9,96.4,32.6,34.9,20.1,355.0,7.9,597.0,93.1,1150.0,336.0,18.1,4363.0,2939.0,692.0,139.60,--
2007,male,30-39,451.0,2654.0,101.6,309.0,139.0,18.7,102.8,33.6,39.2,21.0,377.0,9.1,637.0,102.4,1077.0,353.0,17.6,4231.0,3080.0,625.0,187.80,--
2007,male,40-49,412.0,2692.0,104.7,317.0,147.0,17.6,102.7,35.2,37.9,20.6,406.0,8.4,669.0,87.0,1093.0,346.0,18.0,4391.0,3162.0,633.0,259.60,--
2007,male,50-59,431.0,2493.0,100.1,281.0,123.0,18.4,100.0,32.4,37.7,21.5,375.0,8.8,660.0,91.1,1005.0,345.0,17.6,4030.0,3169.0,586.0,273.40,--
2007,male,60-69,459.0,2140.0,84.5,246.0,105.0,17.4,83.7,27.1,31.8,17.7,319.0,7.6,650.0,83.2,916.0,310.0,16.8,3517.0,2891.0,546.0,228.30,--
2007,male,70 and over,500.0,1837.0,72.7,225.0,100.0,17.0,70.1,22.8,26.1,15.0,285.0,7.1,706.0,86.1,837.0,280.0,15.6,3012.0,2728.0,521.0,162.70,--
2007,male,20 and over,2662.0,2507.0,97.7,296.0,133.0,17.7,95.3,31.6,35.6,19.8,362.0,8.3,649.0,91.3,1038.0,334.0,17.5,4043.0,3026.0,613.0,211.00,14.60
2007,female,2-5,377.0,1475.0,52.0,199.0,105.0,10.5,54.6,20.0,19.6,10.2,178.0,4.4,556.0,86.7,957.0,185.0,10.2,2189.0,1896.0,401.0,8.90,--
2007,female,6-11,571.0,1824.0,61.9,245.0,123.0,12.0,68.6,24.0,24.8,14.0,195.0,6.0,523.0,75.4,885.0,204.0,12.7,2717.0,1946.0,470.0,19.00,--
2007,female,12-19,549.0,1861.0,65.6,248.0,116.0,13.3,69.2,23.6,25.7,14.2,212.0,6.0,528.0,73.8,878.0,223.0,13.8,3013.0,1957.0,509.0,60.40,--
2007,female,20-29,409.0,1828.0,68.3,231.0,109.0,13.3,67.5,22.5,24.3,14.6,216.0,6.5,532.0,80.8,869.0,246.0,12.6,3009.0,2094.0,460.0,105.80,--
2007,female,30-39,482.0,1858.0,69.2,232.0,110.0,13.8,70.4,23.6,25.4,15.3,248.0,7.3,553.0,77.6,850.0,260.0,13.1,3058.0,2230.0,471.0,153.50,--
2007,female,40-49,466.0,1879.0,70.9,231.0,108.0,14.1,71.7,24.1,26.2,15.3,256.0,6.6,555.0,68.6,838.0,264.0,13.4,3027.0,2299.0,470.0,194.40,--
2007,female,50-59,413.0,1793.0,68.2,218.0,102.0,15.6,70.4,22.9,25.3,16.2,227.0,7.8,614.0,87.3,865.0,282.0,13.2,2936.0,2552.0,470.0,207.20,--
2007,female,60-69,465.0,1597.0,61.4,195.0,89.0,14.9,62.8,20.6,23.0,13.8,228.0,6.5,651.0,75.6,786.0,253.0,12.9,2674.0,2378.0,446.0,180.70,--
2007,female,70 and over,523.0,1491.0,56.9,193.0,87.0,14.1,55.7,18.2,20.1,12.5,192.0,6.2,616.0,76.9,743.0,233.0,12.6,2364.0,2189.0,451.0,139.10,--
2007,female,20 and over,2758.0,1766.0,66.7,220.0,103.0,14.3,67.3,22.3,24.4,14.8,230.0,6.9,580.0,77.9,833.0,258.0,13.0,2884.0,2290.0,463.0,163.80,6.00
2009,male,2-5,452.0,1553.0,55.7,216.0,111.0,12.1,54.4,19.6,19.0,10.8,170.0,5.0,593.0,82.9,1034.0,213.0,11.6,2331.0,2092.0,428.0,6.00,--
2009,male,6-11,588.0,1922.0,68.3,259.0,126.0,13.6,70.3,24.7,24.8,14.5,206.0,6.0,638.0,73.7,1127.0,236.0,14.0,3062.0,2248.0,540.0,18.20,--
2009,male,12-19,672.0,2539.0,95.2,335.0,161.0,16.4,91.9,31.3,32.7,19.4,286.0,7.8,647.0,87.7,1260.0,299.0,17.6,4211.0,2750.0,639.0,66.30,--
2009,male,20-29,450.0,2626.0,101.0,320.0,146.0,17.2,93.0,30.7,33.5,20.3,331.0,8.3,613.0,102.4,1240.0,334.0,17.5,4376.0,2911.0,635.0,124.00,--
2009,male,30-39,455.0,2736.0,106.4,327.0,143.0,19.7,97.6,31.5,35.9,21.2,345.0,9.7,650.0,95.9,1179.0,370.0,18.9,4533.0,3207.0,687.0,187.90,--
2009,male,40-49,481.0,2730.0,107.9,320.0,141.0,20.3,103.1,34.2,37.9,21.5,357.0,9.6,734.0,99.0,1235.0,386.0,18.6,4588.0,3504.0,675.0,253.30,--
2009,male,50-59,470.0,2482.0,99.8,279.0,122.0,18.9,96.6,32.3,34.6,21.0,351.0,8.7,695.0,91.9,1142.0,353.0,16.6,4253.0,3311.0,577.0,282.00,--
2009,male,60-69,449.0,2206.0,89.3,254.0,108.0,18.2,84.5,27.2,31.0,18.6,305.0,8.5,694.0,89.4,1022.0,331.0,16.3,3900.0,3119.0,580.0,220.50,--
2009,male,70 and over,484.0,1907.0,74.4,232.0,104.0,17.1,72.4,23.0,27.0,16.1,265.0,8.2,738.0,90.0,895.0,290.0,16.4,3205.0,2797.0,569.0,174.80,--
2009,male,20 and over,2789.0,2512.0,98.9,296.0,131.0,18.7,93.3,30.6,34.0,20.2,333.0,8.9,682.0,95.6,1146.0,349.0,17.5,4243.0,3172.0,628.0,208.60,17.20
2009,female,2-5,409.0,1520.0,55.6,206.0,108.0,11.3,54.9,20.6,18.8,10.5,178.0,4.6,591.0,83.4,1030.0,205.0,11.3,2283.0,2046.0,423.0,5.70,--
2009,female,6-11,566.0,1812.0,63.2,252.0,120.0,14.5,63.9,22.1,22.5,13.5,185.0,5.7,544.0,73.8,963.0,226.0,13.5,2875.0,2092.0,502.0,16.10,--
2009,female,12-19,593.0,1821.0,64.0,242.0,117.0,12.6,67.9,23.1,23.6,15.2,211.0,6.5,516.0,77.8,948.0,224.0,12.9,2958.0,2008.0,502.0,48.40,--
2009,female,20-29,524.0,1949.0,70.1,250.0,120.0,13.6,70.8,23.6,25.0,15.7,238.0,6.4,548.0,78.5,935.0,252.0,13.5,3217.0,2227.0,485.0,107.60,--
2009,female,30-39,499.0,1831.0,69.6,232.0,104.0,16.6,67.8,22.2,24.3,15.1,228.0,7.6,590.0,78.8,960.0,282.0,14.1,3050.0,2420.0,509.0,155.80,--
2009,female,40-49,555.0,1794.0,69.0,228.0,105.0,15.1,65.3,21.2,22.9,15.3,221.0,6.8,556.0,79.0,874.0,270.0,12.9,3014.0,2391.0,456.0,168.80,--
2009,female,50-59,429.0,1759.0,69.6,219.0,100.0,17.0,66.0,21.0,23.6,15.4,228.0,8.2,702.0,99.4,890.0,283.0,13.1,2992.0,2592.0,487.0,186.10,--
2009,female,60-69,453.0,1717.0,66.8,209.0,96.0,15.6,66.7,21.9,23.8,15.1,232.0,7.3,648.0,79.5,872.0,268.0,12.7,2891.0,2488.0,448.0,166.80,--
2009,female,70 and over,513.0,1535.0,60.1,196.0,89.0,15.2,57.8,19.0,20.2,13.5,190.0,6.3,612.0,79.5,813.0,243.0,12.6,2588.0,2339.0,450.0,121.90,--
2009,female,20 and over,2973.0,1778.0,68.0,224.0,103.0,15.5,66.0,21.6,23.4,15.1,224.0,7.1,606.0,82.7,895.0,267.0,13.2,2980.0,2408.0,474.0,152.20,5.80
2011,male,2-5,411.0,1648.0,57.8,227.0,118.0,12.0,59.0,21.5,20.2,12.4,180.0,5.6,594.0,93.1,1062.0,211.0,11.4,2361.0,2129.0,419.0,7.30,--
2011,male,6-11,590.0,2087.0,71.4,285.0,139.0,15.4,76.4,26.8,26.5,16.8,219.0,7.5,673.0,87.7,1137.0,249.0,15.5,3196.0,2364.0,557.0,21.80,--
2011,male,12-19,585.0,2531.0,95.1,329.0,152.0,18.1,94.1,31.6,33.2,21.7,306.0,9.4,696.0,88.4,1311.0,309.0,18.8,4220.0,2844.0,687.0,53.80,--
2011,male,20-29,457.0,2764.0,102.9,332.0,146.0,19.7,102.3,33.1,36.8,23.8,341.0,10.2,612.0,98.3,1194.0,346.0,18.0,4477.0,2983.0,661.0,114.40,--
2011,male,30-39,425.0,2772.0,110.0,332.0,147.0,22.1,100.4,32.4,35.9,23.8,344.0,11.8,647.0,97.9,1227.0,388.0,19.3,4559.0,3288.0,708.0,155.50,--
2011,male,40-49,374.0,2734.0,104.8,317.0,137.0,20.2,106.8,34.8,37.9,25.3,371.0,10.7,764.0,77.2,1238.0,375.0,18.5,4646.0,3329.0,684.0,229.20,--
2011,male,50-59,382.0,2500.0,95.2,294.0,127.0,20.0,92.9,29.5,34.0,22.0,336.0,9.6,695.0,94.7,989.0,348.0,17.2,3996.0,3302.0,598.0,233.20,--
2011,male,60-69,397.0,2302.0,89.7,278.0,116.0,20.8,87.9,27.9,32.6,20.5,329.0,9.8,1174.0,99.2,1053.0,360.0,17.9,3824.0,3349.0,643.0,285.40,--
2011,male,70 and over,359.0,2023.0,80.0,248.0,108.0,18.2,75.7,23.7,27.8,18.2,281.0,9.2,710.0,82.2,881.0,301.0,17.3,3328.0,2810.0,582.0,174.50,--
2011,male,20 and over,2394.0,2567.0,98.8,305.0,133.0,20.3,96.2,30.9,34.8,22.7,338.0,10.3,749.0,92.1,1116.0,356.0,18.1,4218.0,3195.0,651.0,195.60,16.60
2011,female,2-5,423.0,1520.0,53.3,208.0,105.0,12.1,55.3,20.0,18.8,12.1,170.0,5.4,569.0,79.6,949.0,204.0,11.5,2206.0,1957.0,415.0,7.30,--
2011,female,6-11,556.0,1878.0,65.0,253.0,120.0,13.9,69.9,24.5,24.2,15.6,196.0,6.5,560.0,75.4,1004.0,223.0,13.9,2954.0,2093.0,520.0,17.20,--
2011,female,12-19,567.0,1809.0,63.2,241.0,117.0,12.5,67.7,23.1,23.0,16.0,211.0,6.7,480.0,61.3,937.0,222.0,12.0,2949.0,1998.0,453.0,51.50,--
2011,female,20-29,428.0,2019.0,72.1,255.0,114.0,15.8,75.5,24.6,26.6,18.0,237.0,8.0,593.0,83.0,908.0,266.0,14.4,3294.0,2334.0,543.0,93.70,--
2011,female,30-39,404.0,2010.0,75.5,253.0,114.0,17.5,74.8,24.7,26.1,17.7,238.0,8.0,599.0,77.6,938.0,299.0,14.5,3179.0,2464.0,511.0,148.60,--
2011,female,40-49,407.0,1841.0,66.4,231.0,108.0,15.3,68.9,22.3,24.5,16.4,232.0,7.6,574.0,78.0,856.0,275.0,12.8,3089.0,2397.0,460.0,185.90,--
2011,female,50-59,423.0,1820.0,68.0,219.0,97.0,16.2,68.8,22.1,24.2,16.9,221.0,7.8,655.0,71.6,866.0,278.0,14.0,2972.0,2450.0,507.0,183.90,--
2011,female,60-69,380.0,1663.0,65.2,200.0,85.0,16.5,65.5,20.1,23.8,16.5,243.0,8.2,563.0,77.2,808.0,272.0,12.5,2769.0,2476.0,477.0,166.80,--
2011,female,70 and over,365.0,1555.0,58.8,202.0,93.0,15.2,57.1,18.4,19.7,14.5,196.0,6.6,626.0,80.8,809.0,249.0,12.6,2526.0,2345.0,444.0,118.90,--
2011,female,20 and over,2407.0,1834.0,68.1,228.0,103.0,16.1,69.0,22.3,24.3,16.8,229.0,7.7,603.0,77.8,868.0,274.0,13.6,2997.0,2412.0,493.0,151.30,7.80
2013,male,2-5,337.0,1571.0,55.8,217.0,104.0,12.4,55.7,20.1,18.3,12.0,180.0,5.9,566.0,81.4,940.0,207.0,12.0,2396.0,2019.0,436.0,4.70,--
2013,male,6-11,537.0,2036.0,72.9,270.0,126.0,15.0,76.2,28.5,25.1,15.4,234.0,7.2,711.0,77.4,1175.0,246.0,14.7,3185.0,2332.0,538.0,16.30,--
2013,male,12-19,646.0,2376.0,95.5,298.0,139.0,16.4,90.5,30.5,30.9,20.1,315.0,9.3,648.0,75.9,1186.0,296.0,17.4,3960.0,2665.0,620.0,53.00,--
2013,male,20-29,424.0,2704.0,110.8,310.0,141.0,17.7,103.9,34.3,35.8,23.8,377.0,11.6,739.0,87.3,1284.0,350.0,17.6,4466.0,3010.0,656.0,122.10,--
2013,male,30-39,429.0,2622.0,102.0,310.0,138.0,19.1,97.7,31.3,34.2,22.4,353.0,10.7,678.0,82.4,1094.0,350.0,16.7,4274.0,2991.0,620.0,178.20,--
2013,male,40-49,410.0,2520.0,101.9,294.0,129.0,19.0,94.1,30.8,32.5,21.5,362.0,10.0,655.0,75.1,1092.0,351.0,16.0,4254.0,3101.0,563.0,204.70,--
2013,male,50-59,398.0,2493.0,96.7,286.0,119.0,19.5,96.3,31.1,34.6,21.6,352.0,10.4,672.0,83.4,1013.0,360.0,17.0,4074.0,3110.0,615.0,229.30,--
2013,male,60-69,395.0,2253.0,86.9,258.0,106.0,18.9,89.4,28.7,31.3,21.5,304.0,9.9,660.0,78.3,997.0,329.0,15.6,3687.0,2908.0,545.0,194.30,--
2013,male,70 and over,358.0,2022.0,80.8,237.0,102.0,18.9,80.9,26.6,28.2,18.8,313.0,9.4,759.0,97.5,940.0,313.0,16.5,3424.0,2912.0,576.0,157.60,--
2013,male,20 and over,2414.0,2477.0,98.3,287.0,125.0,18.8,95.0,30.9,33.2,21.9,348.0,10.4,691.0,83.3,1086.0,345.0,16.6,4094.0,3016.0,601.0,181.40,15.50
2013,female,2-5,339.0,1395.0,50.3,186.0,90.0,10.8,51.9,18.8,16.9,11.3,167.0,5.3,532.0,74.2,926.0,184.0,10.8,2110.0,1811.0,409.0,5.60,--
2013,female,6-11,510.0,1786.0,61.2,239.0,107.0,13.9,67.7,23.6,22.4,15.4,195.0,7.1,586.0,71.6,960.0,218.0,13.8,2767.0,1962.0,493.0,12.10,--
2013,female,12-19,650.0,1689.0,61.9,220.0,99.0,12.5,64.2,21.3,21.3,15.5,188.0,6.7,507.0,62.7,842.0,210.0,12.1,2844.0,1873.0,467.0,44.40,--
2013,female,20-29,430.0,1933.0,70.2,237.0,111.0,14.3,73.7,24.3,24.9,17.4,251.0,8.0,536.0,71.6,872.0,248.0,12.3,3210.0,2158.0,471.0,90.60,--
2013,female,30-39,463.0,1986.0,76.5,243.0,111.0,16.5,76.5,24.6,26.4,18.2,260.0,9.3,570.0,76.3,912.0,285.0,13.1,3269.0,2364.0,485.0,131.00,--
2013,female,40-49,487.0,1873.0,72.3,224.0,99.0,15.9,73.7,23.6,25.6,17.6,242.0,8.5,570.0,72.8,865.0,277.0,12.4,3068.0,2405.0,449.0,168.40,--
2013,female,50-59,439.0,1779.0,69.7,210.0,93.0,15.3,70.6,22.1,24.3,17.4,246.0,8.6,597.0,74.1,828.0,278.0,13.1,2894.0,2390.0,456.0,201.30,--
2013,female,60-69,433.0,1712.0,67.6,201.0,85.0,15.2,69.1,21.7,24.3,16.9,233.0,8.3,607.0,71.2,814.0,267.0,12.0,2837.0,2301.0,440.0,167.40,--
2013,female,70 and over,381.0,1604.0,60.0,201.0,92.0,15.2,62.9,20.3,21.6,15.3,210.0,7.7,654.0,87.4,809.0,249.0,12.4,2597.0,2290.0,451.0,132.20,--
2013,female,20 and over,2633.0,1825.0,69.8,220.0,99.0,15.4,71.5,22.9,24.7,17.2,242.0,8.4,586.0,75.1,852.0,268.0,12.6,2997.0,2320.0,459.0,149.70,6.80
